link_id,borough,link_name,owner,geometry_source,geometry_complete,n_polyline_points,start_lat,start_lon,end_lat,end_lon,geom_length_miles,link_points_truncated,records_in,duplicate_records,outlier_records,records_used,hours_observed,implied_length_miles,first_hour_ts,last_hour_ts
4329472,Manhattan,LINCOLN TUNNEL E SOUTH TUBE - NJ - NY,PA -Lincoln Tunnel,encoded_polyline,True,4,40.758290,-73.997530,40.766290,-74.017060,1.162072,False,4494.000000,0.000000,0.000000,4494.000000,624.000000,1.515761,2025-10-07 00:00:00,2026-01-14 18:00:00
4329473,Manhattan,LINCOLN TUNNEL E CENTER TUBE NJ - NY,PA -Lincoln Tunnel,encoded_polyline,True,6,40.757810,-73.996800,40.765910,-74.017420,1.508454,False,2403.000000,0.000000,17.000000,2386.000000,369.000000,1.520889,2025-10-07 05:00:00,2026-01-15 09:00:00
4329499,Staten Island,MLK N WALKER STREET - NJ ROUTE 169,NYC_DOT_LIC,encoded_polyline,True,21,40.630900,-74.145690,40.656230,-74.119640,2.535385,True,11656.000000,0.000000,0.000000,11656.000000,1006.000000,0.400361,2025-10-09 15:00:00,2025-11-24 12:00:00
4329507,Manhattan,LINCOLN TUNNEL W NORTH TUBE NY - NJ,PA -Lincoln Tunnel,encoded_polyline,True,4,40.757190,-73.997240,40.766080,-74.017260,1.214853,False,92175.000000,0.000000,0.000000,92175.000000,7855.000000,1.381150,2025-10-07 04:00:00,2026-10-07 19:00:00
4329508,Manhattan,LINCOLN TUNNEL W CENTER TUBE NY - NJ,PA -Lincoln Tunnel,encoded_polyline,True,5,40.757660,-73.996870,40.766000,-74.017320,1.428636,False,942.000000,0.000000,2.000000,940.000000,185.000000,1.524597,2025-10-07 00:00:00,2026-01-14 08:00:00
4362244,Queens,CVE NB LIE - WILLETS PT BLVD,NYC-DOT-Region 10,link_points_partial,False,12,40.788020,-73.790030,40.781160,-73.784890,0.561478,True,93255.000000,0.000000,0.000000,93255.000000,8024.000000,3.028750,2025-10-07 00:00:00,2026-10-07 19:00:00
4362249,Queens,LIE WB LITTLE NECK PKWY - NB CIP,NYC-DOT-Region 10,encoded_polyline,True,30,40.744220,-73.771660,40.764290,-73.724150,2.885896,True,88568.000000,0.000000,0.000000,88568.000000,8088.000000,1.087250,2025-10-07 00:00:00,2026-10-07 19:00:00
4362250,Queens,CVE NB GCP - WILLETS PT BLVD,NYC-DOT-Region 10,encoded_polyline,True,28,40.787950,-73.790190,40.745540,-73.768090,3.389550,True,70996.000000,0.000000,0.000000,70996.000000,6715.000000,4.572400,2025-10-07 04:00:00,2026-10-07 19:00:00
4362251,Queens,LIE WB LITTLE NECK PKWY - NB CVE,NYC-DOT-Region 10,encoded_polyline,True,14,40.753750,-73.744390,40.764290,-73.724150,1.296566,True,97870.000000,0.000000,0.000000,97870.000000,8304.000000,2.656306,2025-10-07 00:00:00,2026-10-07 19:00:00
4362314,Queens,TNB S Qns Anchorage - CIP S @ TNB,NYC_DOT_LIC,encoded_polyline,True,18,40.797820,-73.793390,40.789000,-73.786560,1.046243,True,72314.000000,0.000000,2.000000,72312.000000,6175.000000,0.740361,2025-10-07 00:00:00,2026-09-02 11:00:00
4362342,Queens,LIE E 84TH ST - 108TH ST,NYC_DOT_LIC,encoded_polyline_unescaped,True,10,40.729660,-73.877750,40.737280,-73.851840,1.456937,False,79953.000000,0.000000,99.000000,79854.000000,6891.000000,1.380555,2025-10-07 00:00:00,2026-09-02 11:00:00
4456450,Manhattan,FDR N - TBB E 116TH STREET - MANHATTAN TRUSS,MTA Bridges & Tunnels,encoded_polyline,True,24,40.800690,-73.928780,40.794060,-73.931370,0.724248,True,40030.000000,0.000000,0.000000,40030.000000,3691.000000,0.654383,2025-10-07 00:00:00,2026-05-29 15:00:00
4456452,Manhattan,TBB W - FDR S MANHATTAN TRUSS - E116TH STREET,MTA Bridges & Tunnels,encoded_polyline,True,21,40.801100,-73.928460,40.794120,-73.931430,0.736766,True,59103.000000,0.000000,13.000000,59090.000000,4999.000000,0.662897,2025-10-07 00:00:00,2026-05-29 15:00:00
4456476,Queens,TBB N QUEENS ANCHORAGE - MANHATTAN LIFT SPAN,MTA Bridges & Tunnels,encoded_polyline_unescaped,True,34,40.772300,-73.919830,40.802090,-73.931210,2.754596,True,52089.000000,0.000000,4.000000,52085.000000,4394.000000,2.243222,2025-10-07 00:00:00,2026-05-29 15:00:00
4456477,Queens,MDE S TBB EXIT RAMP - QUEENS ANCHORAGE,MTA Bridges & Tunnels,encoded_polyline,True,25,40.772230,-73.919940,40.802250,-73.916730,2.435007,True,50121.000000,0.000000,0.000000,50121.000000,4373.000000,1.927867,2025-10-07 00:00:00,2026-05-29 15:00:00
4456478,Queens,BE S TBB EXIT RAMP - QUEENS ANCHORAGE,MTA Bridges & Tunnels,encoded_polyline,True,25,40.772250,-73.919890,40.802230,-73.916680,2.432220,True,51773.000000,0.000000,21.000000,51752.000000,4388.000000,1.928150,2025-10-07 00:00:00,2026-05-29 15:00:00
4456479,Queens,BE S TBB EXIT RAMP - MANHATTAN LIFT SPAN,MTA Bridges & Tunnels,encoded_polyline,True,15,40.797890,-73.919880,40.801850,-73.931370,0.691957,True,37059.000000,0.000000,20.000000,37039.000000,3656.000000,0.773933,2025-10-07 01:00:00,2026-05-29 15:00:00
4456481,Queens,TBB S MANHATTAN LIFT SPAN - QUEENS ANCHORAGE,MTA Bridges & Tunnels,encoded_polyline,True,30,40.772230,-73.919940,40.801360,-73.931590,2.620260,True,52006.000000,0.000000,6.000000,52000.000000,4394.000000,2.072433,2025-10-07 00:00:00,2026-05-29 15:00:00
4456483,Queens,CIP N ramp to TNB - TNB Queens Anchorage,NYC_DOT_LIC,encoded_polyline,True,16,40.789530,-73.786310,40.797790,-73.793200,0.880237,True,52552.000000,0.000000,0.000000,52552.000000,4852.000000,0.605750,2025-10-07 00:00:00,2026-10-07 11:00:00
4456494,Manhattan,West St S Spring St - BBT Manhattan Portal outbound,NYC_DOT_LIC,encoded_polyline,True,34,40.726200,-74.011120,40.680150,-74.005300,3.366436,False,33076.000000,0.000000,0.000000,33076.000000,4248.000000,1.563961,2025-10-07 00:00:00,2026-10-07 19:00:00
4456496,Bronx,BWB S Toll Plaza - Queens Anchorage,NYC_DOT_LIC,encoded_polyline,True,8,40.814760,-73.836680,40.799250,-73.828250,1.167203,False,71365.000000,0.000000,1.000000,71364.000000,6732.000000,1.202650,2025-10-07 00:00:00,2026-10-07 19:00:00
4456497,Queens,BWB N Queens Anchorage - Toll Plaza,NYC_DOT_LIC,encoded_polyline,True,8,40.799320,-73.828090,40.814820,-73.836290,1.165827,False,72582.000000,0.000000,54.000000,72528.000000,6850.000000,1.202742,2025-10-07 00:00:00,2026-10-07 19:00:00
4456498,Bronx,HRP S Lafayette Ave - BWB S Toll Plaza,NYC_DOT_LIC,encoded_polyline,True,8,40.825120,-73.836370,40.814640,-73.836830,0.727744,False,23472.000000,0.000000,1.000000,23471.000000,2972.000000,0.786608,2025-10-07 00:00:00,2026-10-07 19:00:00
4456500,Queens,Whitestone Expwy N Exit 14 (Linden Pl) - BWB N Queens Anchorage,NYC_DOT_LIC,encoded_polyline,True,19,40.771260,-73.833310,40.799320,-73.828080,2.163675,True,67832.000000,0.000000,22.000000,67810.000000,5972.000000,1.776867,2025-10-07 00:00:00,2026-10-07 19:00:00
4456501,Manhattan,BBT W Toll Plaza - Manhattan Portal,MTA Bridges & Tunnels,encoded_polyline,True,11,40.680360,-74.004410,40.705940,-74.014830,1.921799,False,51119.000000,0.000000,0.000000,51119.000000,5127.000000,1.963150,2025-10-07 05:00:00,2026-10-07 19:00:00
4456502,Manhattan,BBT E Manhattan Portal - Toll Plaza,MTA Bridges & Tunnels,encoded_polyline,True,13,40.706310,-74.015010,40.679800,-74.004160,1.962186,False,49758.000000,0.000000,0.000000,49758.000000,5302.000000,1.964775,2025-10-07 00:00:00,2026-10-07 19:00:00
4456505,Queens,TNB N Queens Anchorage - Toll Plaza,NYC_DOT_LIC,encoded_polyline,True,15,40.797810,-73.793200,40.817840,-73.803530,1.664809,True,44919.000000,0.000000,0.000000,44919.000000,4349.000000,1.821844,2025-10-07 00:00:00,2026-07-09 14:00:00
4456506,Queens,TNB S Toll Plaza - Queens Anchorage,NYC_DOT_LIC,encoded_polyline,True,18,40.817630,-73.803620,40.797360,-73.793840,1.692593,True,66866.000000,0.000000,0.000000,66866.000000,6475.000000,1.819053,2025-10-07 00:00:00,2026-10-07 19:00:00
4456510,Queens,QMT W Toll Plaza - Manhattan Side,NYC_DOT_LIC,encoded_polyline,True,10,40.741530,-73.954060,40.746550,-73.975300,1.308139,False,43430.000000,0.000000,2.000000,43428.000000,4925.000000,1.516328,2025-10-07 00:00:00,2026-10-07 19:00:00
4456511,Manhattan,QMT E Manhattan Side - Toll Plaza,NYC_DOT_LIC,encoded_polyline_unescaped,True,11,40.745720,-73.973590,40.741360,-73.953780,1.112830,False,64261.000000,0.000000,0.000000,64261.000000,6150.000000,1.518489,2025-10-07 00:00:00,2026-10-07 19:00:00
4575278,Bronx,MDE N VAN CORTLAND PARK - NYST N EXIT 1 (MP.48),NYC Thruway Tarrytown,encoded_polyline_unescaped,True,23,40.885940,-73.896490,40.912210,-73.875100,2.279838,True,74392.000000,0.000000,0.000000,74392.000000,6637.000000,2.250217,2025-10-07 00:00:00,2026-10-07 19:00:00
4616192,Staten Island,SIE E CLOVE ROAD - FINGERBOARD ROAD,NYC_DOT_LIC,encoded_polyline,True,10,40.610520,-74.097680,40.603890,-74.069210,1.590002,False,75505.000000,0.000000,14.000000,75491.000000,6526.000000,1.534078,2025-10-07 00:00:00,2026-10-07 19:00:00
4616193,Staten Island,SIE E BRADLEY AVENUE - CLOVE ROAD,NYC_DOT_LIC,encoded_polyline,True,11,40.610520,-74.097690,40.607740,-74.132420,1.877264,False,40415.000000,0.000000,1.000000,40414.000000,3522.000000,1.830689,2025-11-28 04:00:00,2026-10-07 19:00:00
4616194,Staten Island,SIE E WOOLEY AVENUE - BRADLEY AVENUE,NYC_DOT_LIC,encoded_polyline_unescaped,True,2,40.608030,-74.132110,40.607590,-74.140900,0.462076,False,40413.000000,0.000000,2.000000,40411.000000,3519.000000,0.439761,2025-11-28 04:00:00,2026-10-07 19:00:00
4616195,Staten Island,SIE E RICHMOND AVENUE - WOOLEY AVENUE,NYC_DOT_LIC,encoded_polyline,True,7,40.614860,-74.157380,40.607570,-74.140900,1.053497,False,90956.000000,0.000000,1.000000,90955.000000,8031.000000,1.086889,2025-10-07 00:00:00,2026-10-07 19:00:00
4616196,Staten Island,MLK S - SIE E WALKER STREET - WOOLEY AVENUE,NYC_DOT_LIC,encoded_polyline,True,33,40.630920,-74.145920,40.608550,-74.150030,1.897121,True,55024.000000,0.000000,0.000000,55024.000000,5708.000000,2.304033,2025-10-07 05:00:00,2026-10-07 19:00:00
4616197,Staten Island,SIE E SOUTH AVENUE - RICHMOND AVENUE,NYC_DOT_LIC,encoded_polyline_unescaped,True,5,40.621010,-74.168860,40.614940,-74.157480,0.734060,False,99003.000000,0.000000,0.000000,99003.000000,8337.000000,0.737833,2025-10-07 00:00:00,2026-10-07 19:00:00
4616198,Staten Island,WSE N-SIE E SOUTH AVENUE - SOUTH AVENUE,NYC_DOT_LIC,encoded_polyline_unescaped,True,10,40.621020,-74.168860,40.602090,-74.187710,1.748854,False,98601.000000,0.000000,0.000000,98601.000000,8328.000000,1.681678,2025-10-07 00:00:00,2026-10-07 19:00:00
4616199,Staten Island,SIE W - WSE S SOUTH AVENUE - SOUTH AVENUE,NYC_DOT_LIC,encoded_polyline,True,14,40.602130,-74.187980,40.621840,-74.170800,1.964960,True,97891.000000,0.000000,0.000000,97891.000000,8314.000000,1.930731,2025-10-07 00:00:00,2026-10-07 19:00:00
4616200,Staten Island,WSE S SOUTH AVENUE - VICTORY BOULEVARD,NYC_DOT_LIC,encoded_polyline_unescaped,True,7,40.590050,-74.193560,40.602130,-74.187980,0.898424,False,94891.000000,0.000000,0.000000,94891.000000,7987.000000,0.787000,2025-10-07 00:00:00,2026-10-07 19:00:00
4616201,Staten Island,WSE S VICTORY BOULEVARD - ARDEN AVENUE,NYC_DOT_LIC,encoded_polyline,True,10,40.560580,-74.199580,40.589830,-74.193710,2.217919,False,75553.000000,0.000000,0.000000,75553.000000,6393.000000,2.180831,2025-10-07 00:00:00,2026-10-07 19:00:00
4616202,Staten Island,WSE S ARDEN AVENUE - BLOOMINGDALE ROAD,NYC_DOT_LIC,encoded_polyline,True,15,40.560580,-74.199580,40.548410,-74.220840,1.434618,True,72117.000000,0.000000,0.000000,72117.000000,6123.000000,1.435233,2025-10-07 00:00:00,2026-10-07 19:00:00
4616203,Staten Island,WSE S BLLOMINGDALE ROAD - TYRELLAN AVENUE,NYC_DOT_LIC,encoded_polyline_unescaped,True,15,40.525810,-74.230390,40.548610,-74.220660,1.795018,True,,,,,,,,
4616206,Staten Island,SIE W FINGERBOARD ROAD - CLOVE ROAD,NYC_DOT_LIC,encoded_polyline_unescaped,True,15,40.610720,-74.097910,40.604120,-74.069080,1.607526,True,96433.000000,0.000000,0.000000,96433.000000,8133.000000,1.632583,2025-10-07 00:00:00,2026-10-07 19:00:00
4616208,Staten Island,SIE W BRADLEY AVENUE - WOOLEY AVENUE,NYC_DOT_LIC,encoded_polyline,True,2,40.607780,-74.140910,40.608260,-74.132100,0.463311,False,98840.000000,0.000000,4.000000,98836.000000,8343.000000,0.390361,2025-10-07 00:00:00,2026-10-07 19:00:00
4616209,Staten Island,SIE W WOOLEY AVENUE - RICHMOND AVENUE,NYC_DOT_LIC,encoded_polyline,True,8,40.615210,-74.157400,40.607780,-74.140910,1.059663,False,97439.000000,0.000000,0.000000,97439.000000,8332.000000,1.085539,2025-10-07 00:00:00,2026-10-07 19:00:00
4616210,Staten Island,MLK S - SIE W WALKER STREET - RICHMOND AVENUE,NYC_DOT_LIC,encoded_polyline,True,26,40.630920,-74.145920,40.614450,-74.157110,1.490701,True,47996.000000,0.000000,0.000000,47996.000000,4480.000000,1.482183,2025-10-07 00:00:00,2026-10-07 16:00:00
4616211,Staten Island,SIE W RICHMOND AVENUE - SOUTH AVENUE,NYC_DOT_LIC,encoded_polyline,True,6,40.615170,-74.157380,40.621190,-74.168740,0.730941,False,98744.000000,0.000000,0.000000,98744.000000,8332.000000,0.786858,2025-10-07 00:00:00,2026-10-07 19:00:00
4616212,Staten Island,WSE N VICTORY BLVD - SOUTH AVENUE,NYC_DOT_LIC,encoded_polyline,True,6,40.602090,-74.187700,40.590200,-74.193320,0.886195,False,94261.000000,0.000000,0.000000,94261.000000,7999.000000,0.887308,2025-10-07 00:00:00,2026-10-07 19:00:00
4616213,Staten Island,WSE N ARDEN AVENUE - VICTORY BLVD,NYC_DOT_LIC,encoded_polyline,True,9,40.590200,-74.193320,40.560400,-74.199410,2.228095,False,75816.000000,0.000000,0.000000,75816.000000,6403.000000,2.180831,2025-10-07 00:00:00,2026-10-07 19:00:00
4616214,Staten Island,WSE N BLOOMUINGDALE ROAD - ARDEN AVENUE,NYC_DOT_LIC,encoded_polyline,True,15,40.560420,-74.199390,40.548160,-74.220720,1.442570,True,72520.000000,0.000000,0.000000,72520.000000,6120.000000,1.382189,2025-10-07 00:00:00,2026-10-07 19:00:00
4616215,Staten Island,WSE N TYRELLAN AVENUE - BLOOMINGDALE ROAD,NYC_DOT_LIC,encoded_polyline_unescaped,True,10,40.525610,-74.230390,40.548310,-74.220590,1.924720,False,,,,,,,,
4616216,Staten Island,SIE E-MLK N RICHMOND AVENUE - WALKER STREET,NYC_DOT_LIC,encoded_polyline,True,25,40.630890,-74.145690,40.610740,-74.152730,1.653949,True,62292.000000,0.000000,0.000000,62292.000000,5398.000000,1.965600,2025-12-18 13:00:00,2026-10-07 19:00:00
4616217,Staten Island,SIE W - MLK N WOOLEY AVENUE - WLAKER STREET,NYC_DOT_LIC,encoded_polyline,True,7,40.616710,-74.152420,40.609600,-74.150100,0.528764,False,27175.000000,0.000000,0.000000,27175.000000,4695.000000,2.077856,2025-10-07 02:00:00,2026-10-07 19:00:00
4616220,Brooklyn,GOW N 92ND STREET - 7TH AVENUE,NYC_DOT_LIC,encoded_polyline,True,9,40.616240,-74.026120,40.633360,-74.015860,1.313707,False,96846.000000,0.000000,0.000000,96846.000000,8299.000000,1.184578,2025-10-07 00:00:00,2026-10-07 19:00:00
4616223,Brooklyn,GOW N 9TH STREET - ATLANTIC AVENUE,NYC_DOT_LIC,link_points_partial,False,11,40.676430,-74.001241,40.689720,-73.990000,1.419916,True,99468.000000,0.000000,0.000000,99468.000000,8364.000000,1.111167,2025-10-07 00:00:00,2026-10-07 19:00:00
4616225,Queens,TBB N QUEENS ANCHORAGE - BE N,NYC_DOT_LIC,encoded_polyline,True,24,40.772330,-73.919790,40.802810,-73.915790,2.479345,True,51628.000000,0.000000,15.000000,51613.000000,4390.000000,1.928606,2025-10-07 00:00:00,2026-05-29 15:00:00
4616226,Brooklyn,GOW S 7TH AVENUE - 92ND STREET,NYC_DOT_LIC,encoded_polyline,True,9,40.616320,-74.026300,40.633230,-74.016150,1.298903,False,95405.000000,0.000000,0.000000,95405.000000,8238.000000,1.184733,2025-10-07 00:00:00,2026-10-07 19:00:00
4616228,Bronx,I-87 NYST S Exit 1 - MDE S Van Cortlandt Park,NYC_DOT_LIC,encoded_polyline,True,16,40.885940,-73.896760,40.912290,-73.875250,2.288656,True,88274.000000,0.000000,0.000000,88274.000000,7485.000000,2.259095,2025-10-07 00:00:00,2026-09-02 11:00:00
4616229,Brooklyn,BQE S - GOW S ALTANTIC AVENUE - 9TH STREET,NYC_DOT_LIC,encoded_polyline,True,16,40.675740,-74.001260,40.691590,-73.999280,1.174534,True,99407.000000,0.000000,0.000000,99407.000000,8358.000000,1.129556,2025-10-07 00:00:00,2026-10-07 19:00:00
4616239,Queens,Whitestone Expwy S Exit 14 (Linden Pl) - VWE S MP8.65 (Exit 13 Northern Blvd),NYC_DOT_LIC,encoded_polyline,True,12,40.771420,-73.833450,40.762600,-73.839670,0.733092,False,99326.000000,0.000000,0.000000,99326.000000,8342.000000,1.531597,2025-10-07 00:00:00,2026-10-07 19:00:00
4616241,Queens,VWE S MP8.65 (Exit 13 Northern Blvd) - MP6.39 (Exit 11 Jewel Ave),NYC_DOT_LIC,link_points_partial,False,11,40.762601,-73.839671,40.749841,-73.835000,0.933200,True,97039.000000,0.000000,0.000000,97039.000000,8303.000000,1.484167,2025-10-07 00:00:00,2026-10-07 19:00:00
4616246,Bronx,BE N STRATFORD AVENUE - CASTLE HILL AVE,NYC_DOT_LIC,encoded_polyline,True,7,40.824070,-73.874300,40.827180,-73.849940,1.291781,False,97479.000000,0.000000,0.000000,97479.000000,8324.000000,1.285456,2025-10-07 00:00:00,2026-10-07 19:00:00
4616247,Bronx,BE N Castle Hill Avenue - Griswold Ave,NYC_DOT_LIC,encoded_polyline,True,19,40.827160,-73.849920,40.838830,-73.825260,1.725504,False,96065.000000,0.000000,0.000000,96065.000000,8233.000000,2.071917,2025-10-07 00:00:00,2026-10-07 19:00:00
4616250,Bronx,HRP N LAFAYETTE AVENUE - E TREMONT AVENUE,NYC_DOT_LIC,encoded_polyline,True,7,40.840640,-73.838310,40.824950,-73.836210,1.095305,False,53225.000000,0.000000,2.000000,53223.000000,6089.000000,1.226133,2025-10-07 12:00:00,2026-10-07 19:00:00
4616252,Bronx,BRP N WATSON AVENUE - FORDHAM ROAD,NYC_DOT_LIC,encoded_polyline,True,14,40.856350,-73.872330,40.826680,-73.872790,2.075376,True,98260.000000,0.000000,2.000000,98258.000000,8312.000000,1.531200,2025-10-07 00:00:00,2026-10-07 19:00:00
4616253,Bronx,CBE E TAYLOR AVENUE - CASTLE HILL AVENUE,NYC_DOT_LIC,link_points_partial,False,8,40.834720,-73.865930,40.830111,-73.850731,0.861366,False,97909.000000,0.000000,0.000000,97909.000000,8281.000000,0.698958,2025-10-07 00:00:00,2026-10-07 19:00:00
4616255,Bronx,MDE N RFK Bridge - 142nd St,NYC_DOT_LIC,encoded_polyline,True,36,40.813760,-73.931280,40.823780,-73.874620,3.909887,True,,,,,,,,
4616257,Brooklyn,BQE N ATLANTIC AVENUE - LEONARD STREET,NYC_DOT_LIC,encoded_polyline,True,52,40.691530,-73.999110,40.717590,-73.948290,4.211316,False,99216.000000,0.000000,0.000000,99216.000000,8359.000000,4.151678,2025-10-07 00:00:00,2026-10-07 19:00:00
4616259,Queens,VWE S MP6.39 (Exit 11 Jewel Ave) - MP4.63 (Exit 6 Jamaica Ave),NYC_DOT_LIC,encoded_polyline,True,28,40.727920,-73.832980,40.702270,-73.816630,2.036501,True,59979.000000,0.000000,0.000000,59979.000000,7067.000000,2.417067,2025-10-07 00:00:00,2026-10-07 19:00:00
4616260,Bronx,BE S CASTLE HILL AVENUE - STRATFORD AVENUE,NYC_DOT_LIC,encoded_polyline,True,6,40.824200,-73.874360,40.827310,-73.849980,1.292821,False,98561.000000,0.000000,0.000000,98561.000000,8363.000000,1.231139,2025-10-07 00:00:00,2026-10-07 19:00:00
4616261,Bronx,BE S Griswold - Castle Hill Avenue,NYC_DOT_LIC,encoded_polyline,True,24,40.830370,-73.850620,40.838740,-73.825710,1.731267,True,99280.000000,0.000000,0.000000,99280.000000,8363.000000,2.071111,2025-10-07 00:00:00,2026-10-07 19:00:00
4616266,Bronx,BRP S FORDHAM ROAD - WATSON AVENUE,NYC_DOT_LIC,encoded_polyline,True,14,40.856280,-73.872540,40.826660,-73.873020,2.070994,True,43869.000000,0.000000,0.000000,43869.000000,4412.000000,1.531597,2025-12-29 13:00:00,2026-10-07 19:00:00
4616267,Bronx,CBE W CASTLE HILL AVENUE - TAYLOR AVENUE,NYC_DOT_LIC,encoded_polyline,True,11,40.830420,-73.850810,40.834890,-73.866460,0.913942,False,98753.000000,0.000000,112.000000,98641.000000,8361.000000,0.697558,2025-10-07 00:00:00,2026-10-07 19:00:00
4616271,Brooklyn,BQE S LEONARD STREET - ATLANTIC AVENUE,NYC_DOT_LIC,encoded_polyline,True,53,40.691580,-73.999290,40.717580,-73.948440,4.235325,True,99285.000000,0.000000,0.000000,99285.000000,8358.000000,4.236750,2025-10-07 00:00:00,2026-10-07 19:00:00
4616272,Queens,VWE S MP4.63 (Exit 6 Jamaica Ave) - MP2.66 (Exit 2 Roackaway Blvd),NYC_DOT_LIC,encoded_polyline,True,7,40.702420,-73.816480,40.674450,-73.801810,2.080479,False,72772.000000,0.000000,0.000000,72772.000000,7622.000000,1.866589,2025-10-07 00:00:00,2026-10-07 19:00:00
4616276,Queens,VWE S MP2.66 (Exit 2 Rockaway Blvd) - Belt Pkwy E 182nd St,NYC_DOT_LIC,encoded_polyline,True,24,40.674450,-73.801810,40.666240,-73.762650,3.015803,True,72974.000000,0.000000,0.000000,72974.000000,7688.000000,2.925481,2025-10-07 00:00:00,2026-10-07 19:00:00
4616282,Staten Island,ROUTE 169 S - MLK WALKER STREET,NYC_DOT_LIC,encoded_polyline,True,21,40.656320,-74.119720,40.630500,-74.146370,2.588651,True,11641.000000,0.000000,0.000000,11641.000000,1008.000000,0.323050,2025-10-09 15:00:00,2025-11-24 17:00:00
4616297,Bronx,CBE E CASTLE HILL AVE - BE N WATERBURY AVE,NYC_DOT_LIC,encoded_polyline,True,25,40.830220,-73.850640,40.838810,-73.825300,1.789620,True,95389.000000,0.000000,0.000000,95389.000000,8262.000000,2.300458,2025-10-07 00:00:00,2026-10-07 19:00:00
4616298,Queens,VWE N MP4.63 (Exit 6 - Jamaica Ave) - MP6.39 (Exit 11 Jewel Ave),NYC_DOT_LIC,encoded_polyline,True,44,40.727880,-73.832760,40.702140,-73.816570,2.040597,True,71610.000000,0.000000,0.000000,71610.000000,7208.000000,2.464292,2025-10-07 00:00:00,2026-10-06 14:00:00
4616299,Queens,VWE N MP6.39 (Exit 11 Jewel Ave) - MP8.65 (Exit 13 Northern Blvd),NYC_DOT_LIC,encoded_polyline,True,50,40.762480,-73.839390,40.726980,-73.833660,2.596458,True,98833.000000,0.000000,0.000000,98833.000000,8344.000000,1.482586,2025-10-07 00:00:00,2026-10-07 19:00:00
4616300,Queens,VWE N MP8.64 (Exit 13 Northern Blvd) - Whitestone Expwy Exit 14 (Linden Pl),NYC_DOT_LIC,encoded_polyline,True,16,40.771250,-73.833350,40.762480,-73.839390,0.725339,True,99142.000000,0.000000,0.000000,99142.000000,8365.000000,1.477194,2025-10-07 00:00:00,2026-10-07 19:00:00
4616305,Bronx,BWB N Toll Plaza - HRP N Lafayatte Ave,NYC_DOT_LIC,encoded_polyline,True,6,40.814770,-73.836290,40.825130,-73.836240,0.717362,False,26897.000000,0.000000,55.000000,26842.000000,2875.000000,0.786367,2025-10-07 06:00:00,2026-09-18 14:00:00
4616309,Bronx,CBE E AMSTERDAM AVE(U/LVL) - MORRIS AVE,NYC_DOT_LIC,encoded_polyline,True,11,40.846430,-73.932130,40.845030,-73.909360,1.209809,False,79831.000000,0.000000,103.000000,79728.000000,7093.000000,1.181756,2025-10-07 00:00:00,2026-09-02 11:00:00
4616310,Bronx,CBE AMSTERDAM AVE (L/LVL) - MORRIS AVE,NYC_DOT_LIC,link_points_partial,False,8,40.824950,-73.836211,40.797150,-73.826570,2.036474,False,81260.000000,0.000000,131.000000,81129.000000,7180.000000,1.181431,2025-10-07 00:00:00,2026-09-02 11:00:00
4616312,Queens,BWB S Queens Anchorage - WSE S Exit 14 (Linden Pl),NYC_DOT_LIC,encoded_polyline,True,23,40.799260,-73.828250,40.770860,-73.834020,2.270596,True,74249.000000,0.000000,1.000000,74248.000000,6320.000000,1.778311,2025-10-07 00:00:00,2026-09-18 14:00:00
4616318,Brooklyn,GOW N 7TH AVENUE - 9TH STREET,NYC_DOT_LIC,encoded_polyline,True,30,40.633390,-74.015860,40.675300,-74.001140,3.686942,True,99493.000000,0.000000,1.000000,99492.000000,8364.000000,3.492295,2025-10-07 00:00:00,2026-10-07 19:00:00
4616319,Brooklyn,GOW S 9TH STREET - 7TH AVENUE,NYC_DOT_LIC,encoded_polyline_unescaped,True,28,40.633230,-74.016150,40.675750,-74.001260,3.569758,True,97907.000000,0.000000,0.000000,97907.000000,8343.000000,3.495300,2025-10-07 00:00:00,2026-10-07 19:00:00
4616320,Queens,CIP N TNB - Whitestone Expwy S Exit 14 (Linden Pl),NYC_DOT_LIC,encoded_polyline,True,46,40.789440,-73.786290,40.770650,-73.834160,3.595262,True,73872.000000,0.000000,0.000000,73872.000000,6772.000000,3.210472,2025-10-07 00:00:00,2026-10-06 09:00:00
4616323,Manhattan,12th Ave S 57th St - 45th St,NYC_DOT_LIC,encoded_polyline,True,17,40.771580,-73.994440,40.763700,-73.999210,0.631342,False,,,,,,,,
4616324,Manhattan,12th ave @ 45th - 11 ave ganservoort st,NYC_DOT_LIC,encoded_polyline_unescaped,True,15,40.763750,-73.999190,40.739390,-74.010020,1.881539,True,,,,,,,,
4616325,Manhattan,11th ave s ganservoort - west st @ spring st,NYC_DOT_LIC,encoded_polyline,True,6,40.739330,-74.010040,40.726190,-74.011130,0.910552,False,,,,,,,,
4616328,Manhattan,FDR N Catherine Slip - 25th St,NYC_DOT_LIC,link_points_partial,False,13,40.711410,-73.978660,40.725040,-73.900000,4.737724,True,57760.000000,0.000000,76.000000,57684.000000,6524.000000,2.816333,2025-10-07 00:00:00,2026-10-07 19:00:00
4616329,Manhattan,FDR N 25th - 63rd St,NYC_DOT_LIC,encoded_polyline,True,25,40.736900,-73.974650,40.760670,-73.956480,1.990439,True,86680.000000,0.000000,72.000000,86608.000000,8177.000000,1.888600,2025-10-07 00:00:00,2026-10-07 19:00:00
4616332,Manhattan,FDR S 63rd - 25th St,NYC_DOT_LIC,encoded_polyline_unescaped,True,25,40.760690,-73.956790,40.736970,-73.974790,1.912483,True,91824.000000,0.000000,1.000000,91823.000000,8030.000000,1.895067,2025-10-07 00:00:00,2026-10-07 19:00:00
4616333,Manhattan,FDR S 25th St - Catherine Slip,NYC_DOT_LIC,encoded_polyline,True,51,40.736970,-73.974770,40.708540,-73.996530,2.849424,True,76556.000000,0.000000,10.000000,76546.000000,7151.000000,2.822400,2025-10-07 00:00:00,2026-10-07 19:00:00
4616337,Manhattan,11th ave n ganservoort - 12th ave @ 40th st,NYC_DOT_LIC,encoded_polyline_unescaped,True,13,40.740470,-74.009250,40.760740,-74.002080,1.487908,True,,,,,,,,
4616338,Manhattan,12th Ave N 40th - 57th St,NYC_DOT_LIC,encoded_polyline,True,9,40.760700,-74.002140,40.771510,-73.994200,0.867773,False,,,,,,,,
4616339,Manhattan,BQE N Atlantic Ave - BKN Bridge Manhattan Side,NYC_DOT_LIC,encoded_polyline,True,37,40.691600,-73.999150,40.710060,-74.001680,2.025685,True,89775.000000,0.000000,0.000000,89775.000000,7862.000000,1.981344,2025-10-07 00:00:00,2026-10-07 19:00:00
4616340,Manhattan,BQE N Atlantic Ave - MAN Bridge Manhattan Side,NYC_DOT_LIC,encoded_polyline,True,36,40.701640,-73.991120,40.715500,-73.995150,1.786090,True,66724.000000,0.000000,15.000000,66709.000000,7403.000000,2.509875,2025-10-07 00:00:00,2026-09-02 11:00:00
4616341,Manhattan,FDR S Catherine Slip - BKN Bridge Manhattan Side,NYC_DOT_LIC,encoded_polyline,True,7,40.709080,-73.995900,40.708060,-73.999370,0.198074,False,79503.000000,0.000000,13.000000,79490.000000,6929.000000,0.727872,2025-10-07 00:00:00,2026-10-07 19:00:00
4616342,Manhattan,BKN Bridge Manhattan Side - FDR N Catherine Slip,NYC_DOT_LIC,encoded_polyline,True,6,40.708110,-73.999440,40.709140,-73.995940,0.200125,False,54786.000000,0.000000,10.000000,54776.000000,6284.000000,0.713439,2025-10-07 00:00:00,2026-10-07 19:00:00
4616346,Manhattan,Westside Hwy S GWB - 57th St,NYC_DOT_LIC,encoded_polyline,True,70,40.850030,-73.944830,40.770690,-73.995340,6.303138,True,,,,,,,,
4616350,Queens,CIP S LIE - Hempstead Tpk,NYC_DOT_LIC,encoded_polyline,True,32,40.748770,-73.738950,40.713960,-73.729560,2.828745,True,97152.000000,0.000000,0.000000,97152.000000,8295.000000,3.039983,2025-10-07 00:00:00,2026-10-07 19:00:00
4616351,Queens,CIP N Hempstead Tpk - LIE,NYC_DOT_LIC,encoded_polyline,True,38,40.711670,-73.728390,40.758550,-73.748850,3.849886,True,92977.000000,0.000000,0.000000,92977.000000,7999.000000,3.039789,2025-10-07 00:00:00,2026-10-07 19:00:00
4616352,Queens,CIP S Hempstead Tpk - Laurelton Pkwy @ SSP,NYC_DOT_LIC,encoded_polyline,True,15,40.714260,-73.729260,40.683490,-73.726820,2.143703,True,86990.000000,0.000000,0.000000,86990.000000,7923.000000,2.098339,2025-10-07 00:00:00,2026-10-07 19:00:00
4616353,Queens,Laurelton Pkwy N @ SSP - CIP N Hempstead Tpk,NYC_DOT_LIC,encoded_polyline,True,25,40.683310,-73.726630,40.711660,-73.728390,2.038288,True,92830.000000,0.000000,31.000000,92799.000000,8227.000000,2.156000,2025-10-07 00:00:00,2026-10-07 19:00:00
4616354,Queens,Laurelton Pkwy S @ SSP - Belt Pkwy W 182nd St,NYC_DOT_LIC,encoded_polyline,True,21,40.683640,-73.726670,40.666520,-73.762450,2.576446,True,86309.000000,0.000000,0.000000,86309.000000,7890.000000,2.546889,2025-10-07 00:00:00,2026-10-07 19:00:00
4616355,Queens,Belt Pkwy E 182nd St - Laurelton Pkwy N @ SSP,NYC_DOT_LIC,encoded_polyline,True,19,40.666390,-73.762480,40.683430,-73.726600,2.577822,True,82333.000000,0.000000,0.000000,82333.000000,7869.000000,2.537419,2025-10-07 00:00:00,2026-10-07 19:00:00
4616356,Queens,Belt Pkwy W 182nd St - JFK Expressway,NYC_DOT_LIC,encoded_polyline,True,7,40.666520,-73.762460,40.666730,-73.786470,1.265693,False,77163.000000,0.000000,0.000000,77163.000000,7541.000000,1.038928,2025-10-07 00:00:00,2026-10-07 19:00:00
4616357,Queens,Belt Pkwy W JFK Expressway - VWE N Jamaica Ave,NYC_DOT_LIC,encoded_polyline,True,36,40.666730,-73.786490,40.702120,-73.816790,3.380758,True,92948.000000,0.000000,5.000000,92943.000000,8195.000000,3.295386,2025-10-07 00:00:00,2026-10-07 19:00:00
4616364,Queens,LIE W 108TH ST - 84TH ST,NYC_DOT_LIC,encoded_polyline,True,11,40.737440,-73.851880,40.729620,-73.878110,1.479697,False,89096.000000,0.000000,113.000000,88983.000000,7821.000000,1.375264,2025-10-07 00:00:00,2026-09-18 11:00:00
4620298,Manhattan,GWB E LOWER LEVEL PLAZA - CBE E LOWER LEVEL AMSTERDAM AVE,PA-GWBridge,encoded_polyline,True,16,40.846250,-73.932160,40.853110,-73.963630,1.742726,True,92972.000000,0.000000,0.000000,92972.000000,7982.000000,1.853367,2025-10-07 04:00:00,2026-10-07 19:00:00
4620310,Bronx,CBE W U/LEV AMSTERDAM AVE - I95 S EXP LNS,PA-GWBridge,encoded_polyline,True,14,40.846530,-73.932030,40.853800,-73.963270,1.716671,True,39134.000000,0.000000,0.000000,39134.000000,3762.000000,2.296983,2025-10-07 00:00:00,2026-06-03 12:00:00
4620314,Bronx,MDE S HARLEM RIVER PARK - GWB W AMSTERDAM AVENUE UPPER LEVEL,NYC_DOT_LIC,encoded_polyline,True,15,40.855260,-73.918590,40.844860,-73.925250,0.972272,True,90535.000000,0.000000,111.000000,90424.000000,7772.000000,1.195561,2025-10-07 00:00:00,2026-10-07 19:00:00
4620315,Bronx,CBE W L/LE V AMSTERDAM AVE - I 95 S LOC LNS,PA-GWBridge,encoded_polyline,True,16,40.846670,-73.931880,40.853770,-73.963520,1.826410,False,4691.000000,0.000000,1.000000,4690.000000,649.000000,2.289725,2025-10-07 20:00:00,2026-06-03 01:00:00
4620330,Bronx,MDE S HARLEM RIVER PARK - GWB W AMSTERDAM AVENUE LOWER LEVEL,NYC_DOT_LIC,encoded_polyline,True,16,40.855130,-73.918650,40.845320,-73.926850,1.248381,True,92036.000000,0.000000,28.000000,92008.000000,7812.000000,1.225933,2025-10-07 00:00:00,2026-10-07 19:00:00
4620331,Bronx,CBE W MORRIS AVE - GWB W AMSTERDAM AVE (U/LVL),PA-GWBridge,encoded_polyline,True,11,40.846540,-73.932020,40.845050,-73.910970,1.141469,False,89717.000000,0.000000,193.000000,89524.000000,7709.000000,1.178925,2025-10-07 00:00:00,2026-10-07 19:00:00
4620332,Bronx,CBE W MORRIS AVE - GWB W AMSTERDAM AVE (L/LVL),PA-GWBridge,encoded_polyline,True,9,40.846710,-73.931940,40.845160,-73.909370,1.203723,False,89956.000000,0.000000,110.000000,89846.000000,7750.000000,1.178750,2025-10-07 00:00:00,2026-10-07 19:00:00
4620343,Manhattan,Westside Hwy N 57th St - GWB,NYC_DOT_LIC,encoded_polyline_unescaped,True,55,40.771490,-73.994230,40.849830,-73.943190,6.100907,True,,,,,,,,
4763649,Brooklyn,VNB W BROOKLYN GANTRY UPPER LEVEL - SI GANTRY UPPER LEVEL,Verrazano-Narrows-Bridge,encoded_polyline,True,5,40.604140,-74.052410,40.608380,-74.039240,0.750465,False,,,,,,,,
4763650,Staten Island,SIE E VNB E FINGERBOARD ROAD - SI GANTRY LOWER LEVEL,NYC_DOT_LIC,encoded_polyline,True,15,40.604080,-74.052240,40.603630,-74.069450,0.976375,True,,,,,,,,
4763652,Brooklyn,VNB E SI GANTRY UPPER LEVEL - BROOKLYN GANTRY UPPER LEVEL,Verrazano-Narrows-Bridge,encoded_polyline,True,5,40.604040,-74.052320,40.608270,-74.039210,0.747229,False,,,,,,,,
4763655,Brooklyn,GOW S VNB W 92ND STREET - BKLYN GANTRY UPPER LEVEL,Verrazano-Narrows-Bridge,encoded_polyline,True,8,40.608380,-74.039300,40.616310,-74.026240,0.909132,False,,,,,,,,
4763657,Brooklyn,GOW S VNB W 92ND STREET - BKLYN GANTRY LOWER LEVEL,Verrazano-Narrows-Bridge,encoded_polyline,True,8,40.608460,-74.039330,40.616350,-74.026390,0.901642,False,,,,,,,,
